audit_valid,branch_replan,correct_final_env_step,correct_success,correct_termination,episode_id,injection_off_action_l2,injection_off_action_nonzero,injection_off_final_env_step,injection_off_success,injection_off_termination,injection_off_trajectory_diverged,injection_off_trajectory_max_abs,intervention_reached,phase_bin,point_id,shuffled_action_l2,shuffled_action_nonzero,shuffled_final_env_step,shuffled_success,shuffled_termination,shuffled_trajectory_diverged,shuffled_trajectory_max_abs,status,task_id,wrong_prompt_action_l2,wrong_prompt_action_nonzero,wrong_prompt_final_env_step,wrong_prompt_success,wrong_prompt_termination,wrong_prompt_trajectory_diverged,wrong_prompt_trajectory_max_abs,zero_action_l2,zero_action_nonzero,zero_final_env_step,zero_success,zero_termination,zero_trajectory_diverged,zero_trajectory_max_abs
True,12,285,True,success,3,0.015990830957889557,True,268,True,success,True,6.33636777019795,True,early,e01,0.02514233998954296,True,307,True,success,True,7.609598657302637,completed,1,0.007662688847631216,True,268,True,success,True,12.425573654123086,0.01542498730123043,True,268,True,success,True,7.675752104986753
True,13,245,True,success,6,0.015146585181355476,True,245,True,success,True,2.8853819205449254,True,early,e02,0.020035555586218834,True,245,True,success,True,2.728472264640157,completed,2,0.006180993746966124,True,294,True,success,True,2.8580035412565032,0.014515082351863384,True,245,True,success,True,2.8645449573183193
True,24,227,True,success,0,0.013307911343872547,True,214,True,success,True,3.3168938337797234,True,early,e03,0.004511587787419558,True,233,True,success,True,3.2362278547587398,completed,3,0.0042744227685034275,True,227,True,success,True,1.1830088190898147,0.012674352154135704,True,230,True,success,True,4.116595218318263
True,21,242,True,success,8,0.025653552263975143,True,269,True,success,True,2.9303477774749926,True,early,e04,0.012329080142080784,True,250,True,success,True,2.5948652650855477,completed,4,0.004875639919191599,True,242,True,success,True,1.7048945349353648,0.025109698995947838,True,255,True,success,True,4.71367948041351
True,15,232,True,success,3,0.019593417644500732,True,232,True,success,True,1.4787313809733114,True,early,e05,0.010204360820353031,True,232,True,success,True,1.8799370981392567,completed,5,0.0029455225449055433,True,231,True,success,True,2.1914304264789677,0.02006269432604313,True,222,True,success,True,2.8312734109802613
True,14,159,True,success,2,0.02403460070490837,True,159,True,success,True,0.2597653621469751,True,early,e06,0.0115103954449296,True,161,True,success,True,1.4719077641063272,completed,6,0.004213346634060144,True,160,True,success,True,0.1679407913325489,0.02335955575108528,True,160,True,success,True,0.1767594988380854
True,23,209,True,success,8,0.025668859481811523,True,212,True,success,True,4.793402870252856,True,early,e07,0.010314088314771652,True,209,True,success,True,4.272348254972127,completed,7,0.00415993994101882,True,211,True,success,True,6.670187757000412,0.025709066540002823,True,212,True,success,True,5.2322610831329595
True,24,245,True,success,0,0.021026505157351494,True,233,True,success,True,3.149711288053898,True,early,e08,0.0057193925604224205,True,239,True,success,True,6.603044193884761,completed,8,0.0028878271114081144,True,243,True,success,True,21.146419123282637,0.021874841302633286,True,236,True,success,True,3.0647865444932476
True,15,448,True,success,7,0.014132239855825901,True,520,False,timeout,True,3.3254915705038943,True,early,e09,0.003575005801394582,True,520,False,timeout,True,1.44148164958647,completed,9,0.003696927335113287,True,520,False,timeout,True,1.4332029567489437,0.013822845183312893,True,383,True,success,True,3.604200437494839
True,15,224,True,success,6,0.010104489512741566,True,226,True,success,True,1.6486224793175694,True,early,e10,0.006809299346059561,True,227,True,success,True,1.043138425092982,completed,10,0.004574536345899105,True,231,True,success,True,2.676161266363019,0.011227788403630257,True,235,True,success,True,1.5309435484110498
True,50,272,True,success,1,0.017542703077197075,True,277,True,success,True,1.9125060474367206,True,middle,e11,0.006199113558977842,True,276,True,success,True,1.9069606659274554,completed,1,0.0050864266231656075,True,272,True,success,True,4.854074045331031,0.01687674969434738,True,276,True,success,True,1.9070174585342623
True,37,243,True,success,0,0.012874138541519642,True,243,True,success,True,2.1911913284969518,True,middle,e12,0.006159841548651457,True,243,True,success,True,1.7179206327328227,completed,2,0.003930632956326008,True,243,True,success,True,1.8422915195545373,0.013506673276424408,True,243,True,success,True,1.8160232690172833
True,45,264,True,success,2,0.012399747967720032,True,264,True,success,True,0.008502967573930764,True,middle,e13,0.007991368882358074,True,264,True,success,True,1.5188491180910944,completed,3,0.0027032445650547743,True,265,True,success,True,1.3846558231501915,0.01206060778349638,True,264,True,success,True,0.014414146027988073
True,41,221,True,success,7,0.020877283066511154,True,221,True,success,True,0.02189869973676456,True,middle,e14,0.010157046839594841,True,221,True,success,True,0.09490749842682736,completed,4,0.002572337631136179,True,221,True,success,True,0.019998463023218727,0.02037052810192108,True,221,True,success,True,0.051929927379707135
True,37,249,True,success,4,0.03443069010972977,True,250,True,success,True,3.3207899450977005,True,middle,e15,0.02528691664338112,True,250,True,success,True,2.999613059948053,completed,5,0.0033677900210022926,True,249,True,success,True,1.1510781587825103,0.03416789695620537,True,249,True,success,True,2.694325435944636
True,41,159,True,success,0,,,159,True,success,,,False,middle,e16,,,159,True,success,,,intervention_not_reached,6,,,159,True,success,,,,,159,True,success,,
True,38,204,True,success,4,0.02370707504451275,True,204,True,success,True,0.012418556982797653,True,middle,e17,0.015627829357981682,True,204,True,success,True,0.007790933209637307,completed,7,0.004795309621840715,True,204,True,success,True,0.0042631427798836274,0.023601198568940163,True,204,True,success,True,0.012521562979591713
True,43,270,True,success,2,0.014052161015570164,True,270,True,success,True,3.135773134278579,True,middle,e18,0.010374316945672035,True,270,True,success,True,3.730400965904643,completed,8,0.004616597667336464,True,272,True,success,True,13.715066458167565,0.013415403664112091,True,270,True,success,True,3.1306977816149018
True,36,520,False,timeout,2,0.00787122268229723,True,520,False,timeout,True,2.3783561240457756,True,middle,e19,0.006111665163189173,True,520,False,timeout,True,2.4145479405318233,completed,9,0.0029623545706272125,True,520,False,timeout,True,2.7789139548034965,0.008002842776477337,True,520,False,timeout,True,2.3759483331635685
True,49,255,True,success,1,0.021931851282715797,True,255,True,success,True,0.8519674500128559,True,middle,e20,0.008249360136687756,True,255,True,success,True,1.4401927771764496,completed,10,0.011164793744683266,True,255,True,success,True,0.008666890496847435,0.020809518173336983,True,255,True,success,True,0.851251923886265
True,79,275,True,success,2,,,275,True,success,,,False,late,e21,,,275,True,success,,,intervention_not_reached,1,,,275,True,success,,,,,275,True,success,,
True,70,256,True,success,2,,,256,True,success,,,False,late,e22,,,256,True,success,,,intervention_not_reached,2,,,256,True,success,,,,,256,True,success,,
True,71,243,True,success,4,,,243,True,success,,,False,late,e23,,,243,True,success,,,intervention_not_reached,3,,,243,True,success,,,,,243,True,success,,
True,70,237,True,success,4,,,237,True,success,,,False,late,e24,,,237,True,success,,,intervention_not_reached,4,,,237,True,success,,,,,237,True,success,,
True,69,220,True,success,9,,,220,True,success,,,False,late,e25,,,220,True,success,,,intervention_not_reached,5,,,220,True,success,,,,,220,True,success,,
True,73,171,True,success,7,,,171,True,success,,,False,late,e26,,,171,True,success,,,intervention_not_reached,6,,,171,True,success,,,,,171,True,success,,
True,72,225,True,success,5,,,225,True,success,,,False,late,e27,,,225,True,success,,,intervention_not_reached,7,,,225,True,success,,,,,225,True,success,,
True,64,273,True,success,1,,,273,True,success,,,False,late,e28,,,273,True,success,,,intervention_not_reached,8,,,273,True,success,,,,,273,True,success,,
True,71,377,True,success,9,0.021473458036780357,True,377,True,success,True,0.03159572044877393,True,late,e29,0.007637249305844307,True,377,True,success,True,0.025331159897889532,completed,9,0.005467729642987251,True,377,True,success,True,0.06871067867792222,0.021389933302998543,True,377,True,success,True,0.06274538794468862
True,66,310,True,success,3,,,310,True,success,,,False,late,e30,,,310,True,success,,,intervention_not_reached,10,,,310,True,success,,,,,310,True,success,,
